city,date,year,month,home_value,monthly_rent,median_income,affordability_index
"Chicago, IL",2015-01-31,2015,1,191604,1344.0,72790,0.526
"Chicago, IL",2015-02-28,2015,2,191912,1351.0,72790,0.527
"Chicago, IL",2015-03-31,2015,3,192443,1361.0,72790,0.529
"Chicago, IL",2015-04-30,2015,4,192964,1370.0,72790,0.53
"Chicago, IL",2015-05-31,2015,5,193828,1380.0,72790,0.533
"Chicago, IL",2015-06-30,2015,6,194527,1389.0,72790,0.534
"Chicago, IL",2015-07-31,2015,7,195312,1393.0,72790,0.537
"Chicago, IL",2015-08-31,2015,8,195979,1396.0,72790,0.538
"Chicago, IL",2015-09-30,2015,9,196767,1391.0,72790,0.541
"Chicago, IL",2015-10-31,2015,10,197847,1384.0,72790,0.544
"Chicago, IL",2015-11-30,2015,11,198980,1378.0,72790,0.547
"Chicago, IL",2015-12-31,2015,12,200148,1378.0,72790,0.55
"Chicago, IL",2016-01-31,2016,1,201294,1386.0,75380,0.534
"Chicago, IL",2016-02-29,2016,2,202469,1395.0,75380,0.537
"Chicago, IL",2016-03-31,2016,3,203252,1406.0,75380,0.539
"Chicago, IL",2016-04-30,2016,4,203987,1414.0,75380,0.541
"Chicago, IL",2016-05-31,2016,5,204626,1422.0,75380,0.543
"Chicago, IL",2016-06-30,2016,6,205396,1429.0,75380,0.545
"Chicago, IL",2016-07-31,2016,7,205814,1435.0,75380,0.546
"Chicago, IL",2016-08-31,2016,8,206189,1438.0,75380,0.547
"Chicago, IL",2016-09-30,2016,9,206614,1432.0,75380,0.548
"Chicago, IL",2016-10-31,2016,10,207393,1423.0,75380,0.55
"Chicago, IL",2016-11-30,2016,11,208306,1411.0,75380,0.553
"Chicago, IL",2016-12-31,2016,12,209515,1406.0,75380,0.556
"Chicago, IL",2017-01-31,2017,1,210765,1412.0,76710,0.55
"Chicago, IL",2017-02-28,2017,2,212127,1425.0,76710,0.553
"Chicago, IL",2017-03-31,2017,3,213653,1443.0,76710,0.557
"Chicago, IL",2017-04-30,2017,4,214939,1456.0,76710,0.56
"Chicago, IL",2017-05-31,2017,5,215965,1467.0,76710,0.563
"Chicago, IL",2017-06-30,2017,6,216331,1473.0,76710,0.564
"Chicago, IL",2017-07-31,2017,7,216552,1475.0,76710,0.565
"Chicago, IL",2017-08-31,2017,8,216735,1470.0,76710,0.565
"Chicago, IL",2017-09-30,2017,9,217406,1465.0,76710,0.567
"Chicago, IL",2017-10-31,2017,10,218348,1454.0,76710,0.569
"Chicago, IL",2017-11-30,2017,11,219516,1448.0,76710,0.572
"Chicago, IL",2017-12-31,2017,12,220753,1446.0,76710,0.576
"Chicago, IL",2018-01-31,2018,1,222136,1454.0,77700,0.572
"Chicago, IL",2018-02-28,2018,2,223462,1465.0,77700,0.575
"Chicago, IL",2018-03-31,2018,3,224995,1478.0,77700,0.579
"Chicago, IL",2018-04-30,2018,4,226193,1488.0,77700,0.582
"Chicago, IL",2018-05-31,2018,5,227131,1498.0,77700,0.585
"Chicago, IL",2018-06-30,2018,6,227235,1507.0,77700,0.585
"Chicago, IL",2018-07-31,2018,7,227275,1511.0,77700,0.585
"Chicago, IL",2018-08-31,2018,8,227193,1509.0,77700,0.585
"Chicago, IL",2018-09-30,2018,9,227290,1498.0,77700,0.585
"Chicago, IL",2018-10-31,2018,10,227429,1487.0,77700,0.585
"Chicago, IL",2018-11-30,2018,11,227732,1481.0,77700,0.586
"Chicago, IL",2018-12-31,2018,12,228309,1482.0,77700,0.588
"Chicago, IL",2019-01-31,2019,1,229178,1491.0,83260,0.551
"Chicago, IL",2019-02-28,2019,2,230360,1501.0,83260,0.553
"Chicago, IL",2019-03-31,2019,3,231476,1516.0,83260,0.556
"Chicago, IL",2019-04-30,2019,4,232369,1529.0,83260,0.558
"Chicago, IL",2019-05-31,2019,5,232774,1541.0,83260,0.559
"Chicago, IL",2019-06-30,2019,6,232978,1548.0,83260,0.56
"Chicago, IL",2019-07-31,2019,7,232801,1550.0,83260,0.559
"Chicago, IL",2019-08-31,2019,8,232589,1550.0,83260,0.559
"Chicago, IL",2019-09-30,2019,9,232144,1544.0,83260,0.558
"Chicago, IL",2019-10-31,2019,10,232035,1538.0,83260,0.557
"Chicago, IL",2019-11-30,2019,11,232229,1531.0,83260,0.558
"Chicago, IL",2019-12-31,2019,12,232848,1527.0,83260,0.559
"Chicago, IL",2020-01-31,2020,1,233954,1535.0,81580,0.574
"Chicago, IL",2020-02-29,2020,2,235272,1546.0,81580,0.577
"Chicago, IL",2020-03-31,2020,3,236654,1561.0,81580,0.58
"Chicago, IL",2020-04-30,2020,4,237518,1562.0,81580,0.582
"Chicago, IL",2020-05-31,2020,5,237610,1562.0,81580,0.583
"Chicago, IL",2020-06-30,2020,6,237157,1559.0,81580,0.581
"Chicago, IL",2020-07-31,2020,7,236689,1559.0,81580,0.58
"Chicago, IL",2020-08-31,2020,8,237010,1554.0,81580,0.581
"Chicago, IL",2020-09-30,2020,9,238555,1540.0,81580,0.585
"Chicago, IL",2020-10-31,2020,10,240958,1520.0,81580,0.591
"Chicago, IL",2020-11-30,2020,11,243934,1504.0,81580,0.598
"Chicago, IL",2020-12-31,2020,12,246893,1498.0,81580,0.605
"Chicago, IL",2021-01-31,2021,1,249834,1501.0,81270,0.615
"Chicago, IL",2021-02-28,2021,2,253029,1512.0,81270,0.623
"Chicago, IL",2021-03-31,2021,3,256349,1527.0,81270,0.631
"Chicago, IL",2021-04-30,2021,4,259536,1552.0,81270,0.639
"Chicago, IL",2021-05-31,2021,5,262460,1577.0,81270,0.646
"Chicago, IL",2021-06-30,2021,6,265276,1602.0,81270,0.653
"Chicago, IL",2021-07-31,2021,7,267628,1620.0,81270,0.659
"Chicago, IL",2021-08-31,2021,8,269005,1632.0,81270,0.662
"Chicago, IL",2021-09-30,2021,9,269263,1640.0,81270,0.663
"Chicago, IL",2021-10-31,2021,10,269406,1639.0,81270,0.663
"Chicago, IL",2021-11-30,2021,11,270064,1639.0,81270,0.665
"Chicago, IL",2021-12-31,2021,12,271512,1645.0,81270,0.668
"Chicago, IL",2022-01-31,2022,1,274083,1658.0,79500,0.69
"Chicago, IL",2022-02-28,2022,2,277830,1673.0,79500,0.699
"Chicago, IL",2022-03-31,2022,3,282501,1692.0,79500,0.711
"Chicago, IL",2022-04-30,2022,4,287020,1716.0,79500,0.722
"Chicago, IL",2022-05-31,2022,5,290172,1741.0,79500,0.73
"Chicago, IL",2022-06-30,2022,6,292301,1760.0,79500,0.735
"Chicago, IL",2022-07-31,2022,7,292818,1776.0,79500,0.737
"Chicago, IL",2022-08-31,2022,8,292213,1783.0,79500,0.735
"Chicago, IL",2022-09-30,2022,9,290565,1784.0,79500,0.731
"Chicago, IL",2022-10-31,2022,10,289240,1780.0,79500,0.728
"Chicago, IL",2022-11-30,2022,11,288482,1774.0,79500,0.726
"Chicago, IL",2022-12-31,2022,12,288069,1775.0,79500,0.725
"Chicago, IL",2023-01-31,2023,1,287472,1782.0,82690,0.695
"Chicago, IL",2023-02-28,2023,2,287321,1796.0,82690,0.695
"Chicago, IL",2023-03-31,2023,3,287954,1815.0,82690,0.696
"Chicago, IL",2023-04-30,2023,4,289617,1833.0,82690,0.7
"Chicago, IL",2023-05-31,2023,5,291770,1854.0,82690,0.706
"Chicago, IL",2023-06-30,2023,6,294287,1871.0,82690,0.712
"Chicago, IL",2023-07-31,2023,7,296784,1883.0,82690,0.718
"Chicago, IL",2023-08-31,2023,8,299195,1888.0,82690,0.724
"Chicago, IL",2023-09-30,2023,9,300993,1885.0,82690,0.728
"Chicago, IL",2023-10-31,2023,10,302331,1878.0,82690,0.731
"Chicago, IL",2023-11-30,2023,11,303227,1871.0,82690,0.733
"Chicago, IL",2023-12-31,2023,12,303849,1874.0,82690,0.735
"Chicago, IL",2024-01-31,2024,1,304497,1882.0,83730,0.727
"Chicago, IL",2024-02-29,2024,2,305855,1897.0,83730,0.731
"Chicago, IL",2024-03-31,2024,3,308215,1912.0,83730,0.736
"Chicago, IL",2024-04-30,2024,4,311025,1931.0,83730,0.743
"Chicago, IL",2024-05-31,2024,5,313100,1947.0,83730,0.748
"Chicago, IL",2024-06-30,2024,6,314297,1963.0,83730,0.751
"Chicago, IL",2024-07-31,2024,7,315017,1972.0,83730,0.752
"Chicago, IL",2024-08-31,2024,8,315920,1976.0,83730,0.755
"Chicago, IL",2024-09-30,2024,9,316902,1975.0,83730,0.757
"Chicago, IL",2024-10-31,2024,10,317859,1973.0,83730,0.759
"Chicago, IL",2024-11-30,2024,11,318875,1972.0,83730,0.762
"Chicago, IL",2024-12-31,2024,12,320096,1976.0,83730,0.765
"Houston, TX",2015-01-31,2015,1,177087,1187.0,72790,0.487
"Houston, TX",2015-02-28,2015,2,178786,1191.0,72790,0.491
"Houston, TX",2015-03-31,2015,3,180460,1198.0,72790,0.496
"Houston, TX",2015-04-30,2015,4,181957,1208.0,72790,0.5
"Houston, TX",2015-05-31,2015,5,183381,1217.0,72790,0.504
"Houston, TX",2015-06-30,2015,6,184726,1225.0,72790,0.508
"Houston, TX",2015-07-31,2015,7,186042,1227.0,72790,0.511
"Houston, TX",2015-08-31,2015,8,187339,1228.0,72790,0.515
"Houston, TX",2015-09-30,2015,9,188494,1225.0,72790,0.518
"Houston, TX",2015-10-31,2015,10,189562,1223.0,72790,0.521
"Houston, TX",2015-11-30,2015,11,190499,1219.0,72790,0.523
"Houston, TX",2015-12-31,2015,12,191498,1216.0,72790,0.526
"Houston, TX",2016-01-31,2016,1,192638,1216.0,75380,0.511
"Houston, TX",2016-02-29,2016,2,193738,1218.0,75380,0.514
"Houston, TX",2016-03-31,2016,3,194476,1223.0,75380,0.516
"Houston, TX",2016-04-30,2016,4,195083,1228.0,75380,0.518
"Houston, TX",2016-05-31,2016,5,195664,1231.0,75380,0.519
"Houston, TX",2016-06-30,2016,6,196380,1233.0,75380,0.521
"Houston, TX",2016-07-31,2016,7,196855,1232.0,75380,0.522
"Houston, TX",2016-08-31,2016,8,197224,1230.0,75380,0.523
"Houston, TX",2016-09-30,2016,9,197731,1224.0,75380,0.525
"Houston, TX",2016-10-31,2016,10,198391,1220.0,75380,0.526
"Houston, TX",2016-11-30,2016,11,199238,1215.0,75380,0.529
"Houston, TX",2016-12-31,2016,12,200004,1213.0,75380,0.531
"Houston, TX",2017-01-31,2017,1,200647,1214.0,76710,0.523
"Houston, TX",2017-02-28,2017,2,201063,1221.0,76710,0.524
"Houston, TX",2017-03-31,2017,3,201612,1230.0,76710,0.526
"Houston, TX",2017-04-30,2017,4,202377,1235.0,76710,0.528
"Houston, TX",2017-05-31,2017,5,203076,1242.0,76710,0.529
"Houston, TX",2017-06-30,2017,6,203681,1244.0,76710,0.531
"Houston, TX",2017-07-31,2017,7,204014,1244.0,76710,0.532
"Houston, TX",2017-08-31,2017,8,204436,1239.0,76710,0.533
"Houston, TX",2017-09-30,2017,9,204854,1246.0,76710,0.534
"Houston, TX",2017-10-31,2017,10,205495,1254.0,76710,0.536
"Houston, TX",2017-11-30,2017,11,206231,1264.0,76710,0.538
"Houston, TX",2017-12-31,2017,12,207031,1269.0,76710,0.54
"Houston, TX",2018-01-31,2018,1,207746,1272.0,77700,0.535
"Houston, TX",2018-02-28,2018,2,208297,1278.0,77700,0.536
"Houston, TX",2018-03-31,2018,3,209038,1280.0,77700,0.538
"Houston, TX",2018-04-30,2018,4,209836,1287.0,77700,0.54
"Houston, TX",2018-05-31,2018,5,210829,1290.0,77700,0.543
"Houston, TX",2018-06-30,2018,6,211662,1294.0,77700,0.545
"Houston, TX",2018-07-31,2018,7,212603,1294.0,77700,0.547
"Houston, TX",2018-08-31,2018,8,213399,1293.0,77700,0.549
"Houston, TX",2018-09-30,2018,9,214197,1289.0,77700,0.551
"Houston, TX",2018-10-31,2018,10,214859,1289.0,77700,0.553
"Houston, TX",2018-11-30,2018,11,215591,1292.0,77700,0.555
"Houston, TX",2018-12-31,2018,12,216373,1291.0,77700,0.557
"Houston, TX",2019-01-31,2019,1,217189,1292.0,83260,0.522
"Houston, TX",2019-02-28,2019,2,218035,1290.0,83260,0.524
"Houston, TX",2019-03-31,2019,3,218839,1297.0,83260,0.526
"Houston, TX",2019-04-30,2019,4,219439,1302.0,83260,0.527
"Houston, TX",2019-05-31,2019,5,219890,1311.0,83260,0.528
"Houston, TX",2019-06-30,2019,6,220201,1317.0,83260,0.529
"Houston, TX",2019-07-31,2019,7,220518,1320.0,83260,0.53
"Houston, TX",2019-08-31,2019,8,220883,1320.0,83260,0.531
"Houston, TX",2019-09-30,2019,9,221351,1317.0,83260,0.532
"Houston, TX",2019-10-31,2019,10,221984,1315.0,83260,0.533
"Houston, TX",2019-11-30,2019,11,222853,1315.0,83260,0.535
"Houston, TX",2019-12-31,2019,12,223796,1319.0,83260,0.538
"Houston, TX",2020-01-31,2020,1,224767,1322.0,81580,0.551
"Houston, TX",2020-02-29,2020,2,225615,1327.0,81580,0.553
"Houston, TX",2020-03-31,2020,3,226428,1332.0,81580,0.555
"Houston, TX",2020-04-30,2020,4,226932,1330.0,81580,0.556
"Houston, TX",2020-05-31,2020,5,226930,1324.0,81580,0.556
"Houston, TX",2020-06-30,2020,6,226888,1320.0,81580,0.556
"Houston, TX",2020-07-31,2020,7,227288,1324.0,81580,0.557
"Houston, TX",2020-08-31,2020,8,228455,1329.0,81580,0.56
"Houston, TX",2020-09-30,2020,9,230228,1330.0,81580,0.564
"Houston, TX",2020-10-31,2020,10,232400,1331.0,81580,0.57
"Houston, TX",2020-11-30,2020,11,235045,1332.0,81580,0.576
"Houston, TX",2020-12-31,2020,12,237705,1333.0,81580,0.583
"Houston, TX",2021-01-31,2021,1,240471,1337.0,81270,0.592
"Houston, TX",2021-02-28,2021,2,243262,1340.0,81270,0.599
"Houston, TX",2021-03-31,2021,3,246359,1349.0,81270,0.606
"Houston, TX",2021-04-30,2021,4,249709,1361.0,81270,0.615
"Houston, TX",2021-05-31,2021,5,253594,1382.0,81270,0.624
"Houston, TX",2021-06-30,2021,6,257849,1408.0,81270,0.635
"Houston, TX",2021-07-31,2021,7,261778,1433.0,81270,0.644
"Houston, TX",2021-08-31,2021,8,264821,1456.0,81270,0.652
"Houston, TX",2021-09-30,2021,9,267104,1468.0,81270,0.657
"Houston, TX",2021-10-31,2021,10,269628,1475.0,81270,0.664
"Houston, TX",2021-11-30,2021,11,272808,1477.0,81270,0.671
"Houston, TX",2021-12-31,2021,12,276391,1481.0,81270,0.68
"Houston, TX",2022-01-31,2022,1,280983,1487.0,79500,0.707
"Houston, TX",2022-02-28,2022,2,286181,1497.0,79500,0.72
"Houston, TX",2022-03-31,2022,3,292242,1508.0,79500,0.735
"Houston, TX",2022-04-30,2022,4,298063,1521.0,79500,0.75
"Houston, TX",2022-05-31,2022,5,303391,1533.0,79500,0.763
"Houston, TX",2022-06-30,2022,6,307936,1548.0,79500,0.775
"Houston, TX",2022-07-31,2022,7,310996,1559.0,79500,0.782
"Houston, TX",2022-08-31,2022,8,312318,1565.0,79500,0.786
"Houston, TX",2022-09-30,2022,9,312231,1563.0,79500,0.785
"Houston, TX",2022-10-31,2022,10,311703,1557.0,79500,0.784
"Houston, TX",2022-11-30,2022,11,311069,1549.0,79500,0.783
"Houston, TX",2022-12-31,2022,12,309876,1547.0,79500,0.78
"Houston, TX",2023-01-31,2023,1,308086,1549.0,82690,0.745
"Houston, TX",2023-02-28,2023,2,306386,1557.0,82690,0.741
"Houston, TX",2023-03-31,2023,3,305222,1569.0,82690,0.738
"Houston, TX",2023-04-30,2023,4,304767,1575.0,82690,0.737
"Houston, TX",2023-05-31,2023,5,304924,1584.0,82690,0.738
"Houston, TX",2023-06-30,2023,6,305740,1591.0,82690,0.739
"Houston, TX",2023-07-31,2023,7,306676,1598.0,82690,0.742
"Houston, TX",2023-08-31,2023,8,307563,1598.0,82690,0.744
"Houston, TX",2023-09-30,2023,9,307925,1594.0,82690,0.745
"Houston, TX",2023-10-31,2023,10,307951,1588.0,82690,0.745
"Houston, TX",2023-11-30,2023,11,307663,1582.0,82690,0.744
"Houston, TX",2023-12-31,2023,12,307244,1581.0,82690,0.743
"Houston, TX",2024-01-31,2024,1,307238,1582.0,83730,0.734
"Houston, TX",2024-02-29,2024,2,307619,1587.0,83730,0.735
"Houston, TX",2024-03-31,2024,3,308612,1591.0,83730,0.737
"Houston, TX",2024-04-30,2024,4,309639,1599.0,83730,0.74
"Houston, TX",2024-05-31,2024,5,310178,1608.0,83730,0.741
"Houston, TX",2024-06-30,2024,6,310059,1616.0,83730,0.741
"Houston, TX",2024-07-31,2024,7,309692,1620.0,83730,0.74
"Houston, TX",2024-08-31,2024,8,309473,1623.0,83730,0.739
"Houston, TX",2024-09-30,2024,9,309410,1623.0,83730,0.739
"Houston, TX",2024-10-31,2024,10,309210,1621.0,83730,0.739
"Houston, TX",2024-11-30,2024,11,308874,1616.0,83730,0.738
"Houston, TX",2024-12-31,2024,12,308695,1613.0,83730,0.737
"Los Angeles, CA",2015-01-31,2015,1,501060,1746.0,72790,1.377
"Los Angeles, CA",2015-02-28,2015,2,502806,1757.0,72790,1.382
"Los Angeles, CA",2015-03-31,2015,3,503178,1772.0,72790,1.383
"Los Angeles, CA",2015-04-30,2015,4,503323,1787.0,72790,1.383
"Los Angeles, CA",2015-05-31,2015,5,503948,1802.0,72790,1.385
"Los Angeles, CA",2015-06-30,2015,6,505192,1813.0,72790,1.388
"Los Angeles, CA",2015-07-31,2015,7,505926,1826.0,72790,1.39
"Los Angeles, CA",2015-08-31,2015,8,504796,1836.0,72790,1.387
"Los Angeles, CA",2015-09-30,2015,9,501918,1846.0,72790,1.379
"Los Angeles, CA",2015-10-31,2015,10,498503,1850.0,72790,1.37
"Los Angeles, CA",2015-11-30,2015,11,494895,1855.0,72790,1.36
"Los Angeles, CA",2015-12-31,2015,12,491557,1861.0,72790,1.351
"Los Angeles, CA",2016-01-31,2016,1,494057,1871.0,75380,1.311
"Los Angeles, CA",2016-02-29,2016,2,502650,1881.0,75380,1.334
"Los Angeles, CA",2016-03-31,2016,3,514539,1892.0,75380,1.365
"Los Angeles, CA",2016-04-30,2016,4,523548,1902.0,75380,1.389
"Los Angeles, CA",2016-05-31,2016,5,529175,1916.0,75380,1.404
"Los Angeles, CA",2016-06-30,2016,6,533721,1929.0,75380,1.416
"Los Angeles, CA",2016-07-31,2016,7,534290,1941.0,75380,1.418
"Los Angeles, CA",2016-08-31,2016,8,530887,1947.0,75380,1.409
"Los Angeles, CA",2016-09-30,2016,9,524447,1952.0,75380,1.391
"Los Angeles, CA",2016-10-31,2016,10,519914,1953.0,75380,1.379
"Los Angeles, CA",2016-11-30,2016,11,518889,1955.0,75380,1.377
"Los Angeles, CA",2016-12-31,2016,12,520666,1958.0,75380,1.381
"Los Angeles, CA",2017-01-31,2017,1,528405,1971.0,76710,1.378
"Los Angeles, CA",2017-02-28,2017,2,539847,1988.0,76710,1.408
"Los Angeles, CA",2017-03-31,2017,3,553219,2009.0,76710,1.442
"Los Angeles, CA",2017-04-30,2017,4,562854,2023.0,76710,1.467
"Los Angeles, CA",2017-05-31,2017,5,569427,2036.0,76710,1.485
"Los Angeles, CA",2017-06-30,2017,6,574337,2045.0,76710,1.497
"Los Angeles, CA",2017-07-31,2017,7,575441,2055.0,76710,1.5
"Los Angeles, CA",2017-08-31,2017,8,575315,2060.0,76710,1.5
"Los Angeles, CA",2017-09-30,2017,9,574992,2065.0,76710,1.499
"Los Angeles, CA",2017-10-31,2017,10,578272,2066.0,76710,1.508
"Los Angeles, CA",2017-11-30,2017,11,582342,2070.0,76710,1.518
"Los Angeles, CA",2017-12-31,2017,12,587283,2074.0,76710,1.531
"Los Angeles, CA",2018-01-31,2018,1,593758,2085.0,77700,1.528
"Los Angeles, CA",2018-02-28,2018,2,601645,2097.0,77700,1.549
"Los Angeles, CA",2018-03-31,2018,3,609135,2108.0,77700,1.568
"Los Angeles, CA",2018-04-30,2018,4,614838,2117.0,77700,1.583
"Los Angeles, CA",2018-05-31,2018,5,619411,2124.0,77700,1.594
"Los Angeles, CA",2018-06-30,2018,6,622842,2136.0,77700,1.603
"Los Angeles, CA",2018-07-31,2018,7,626433,2146.0,77700,1.612
"Los Angeles, CA",2018-08-31,2018,8,631836,2155.0,77700,1.626
"Los Angeles, CA",2018-09-30,2018,9,639046,2158.0,77700,1.645
"Los Angeles, CA",2018-10-31,2018,10,646705,2162.0,77700,1.665
"Los Angeles, CA",2018-11-30,2018,11,652127,2168.0,77700,1.679
"Los Angeles, CA",2018-12-31,2018,12,655017,2173.0,77700,1.686
"Los Angeles, CA",2019-01-31,2019,1,652620,2178.0,83260,1.568
"Los Angeles, CA",2019-02-28,2019,2,646370,2182.0,83260,1.553
"Los Angeles, CA",2019-03-31,2019,3,638756,2194.0,83260,1.534
"Los Angeles, CA",2019-04-30,2019,4,633904,2204.0,83260,1.523
"Los Angeles, CA",2019-05-31,2019,5,631432,2217.0,83260,1.517
"Los Angeles, CA",2019-06-30,2019,6,630181,2226.0,83260,1.514
"Los Angeles, CA",2019-07-31,2019,7,630999,2234.0,83260,1.516
"Los Angeles, CA",2019-08-31,2019,8,634736,2240.0,83260,1.525
"Los Angeles, CA",2019-09-30,2019,9,640878,2243.0,83260,1.539
"Los Angeles, CA",2019-10-31,2019,10,647453,2245.0,83260,1.555
"Los Angeles, CA",2019-11-30,2019,11,653445,2248.0,83260,1.57
"Los Angeles, CA",2019-12-31,2019,12,658881,2251.0,83260,1.583
"Los Angeles, CA",2020-01-31,2020,1,662076,2259.0,81580,1.623
"Los Angeles, CA",2020-02-29,2020,2,663594,2264.0,81580,1.627
"Los Angeles, CA",2020-03-31,2020,3,664355,2264.0,81580,1.629
"Los Angeles, CA",2020-04-30,2020,4,665312,2252.0,81580,1.631
"Los Angeles, CA",2020-05-31,2020,5,664380,2243.0,81580,1.629
"Los Angeles, CA",2020-06-30,2020,6,661576,2238.0,81580,1.622
"Los Angeles, CA",2020-07-31,2020,7,661262,2240.0,81580,1.621
"Los Angeles, CA",2020-08-31,2020,8,666264,2240.0,81580,1.633
"Los Angeles, CA",2020-09-30,2020,9,676986,2238.0,81580,1.66
"Los Angeles, CA",2020-10-31,2020,10,689822,2239.0,81580,1.691
"Los Angeles, CA",2020-11-30,2020,11,704037,2240.0,81580,1.726
"Los Angeles, CA",2020-12-31,2020,12,717598,2240.0,81580,1.759
"Los Angeles, CA",2021-01-31,2021,1,726731,2250.0,81270,1.788
"Los Angeles, CA",2021-02-28,2021,2,732429,2261.0,81270,1.802
"Los Angeles, CA",2021-03-31,2021,3,735596,2276.0,81270,1.81
"Los Angeles, CA",2021-04-30,2021,4,742353,2287.0,81270,1.827
"Los Angeles, CA",2021-05-31,2021,5,751933,2306.0,81270,1.85
"Los Angeles, CA",2021-06-30,2021,6,763772,2340.0,81270,1.88
"Los Angeles, CA",2021-07-31,2021,7,775404,2384.0,81270,1.908
"Los Angeles, CA",2021-08-31,2021,8,784303,2435.0,81270,1.93
"Los Angeles, CA",2021-09-30,2021,9,791200,2474.0,81270,1.947
"Los Angeles, CA",2021-10-31,2021,10,797863,2499.0,81270,1.963
"Los Angeles, CA",2021-11-30,2021,11,806146,2513.0,81270,1.984
"Los Angeles, CA",2021-12-31,2021,12,816099,2529.0,81270,2.008
"Los Angeles, CA",2022-01-31,2022,1,828063,2548.0,79500,2.083
"Los Angeles, CA",2022-02-28,2022,2,842218,2573.0,79500,2.119
"Los Angeles, CA",2022-03-31,2022,3,858127,2597.0,79500,2.159
"Los Angeles, CA",2022-04-30,2022,4,872558,2627.0,79500,2.195
"Los Angeles, CA",2022-05-31,2022,5,883903,2652.0,79500,2.224
"Los Angeles, CA",2022-06-30,2022,6,890298,2676.0,79500,2.24
"Los Angeles, CA",2022-07-31,2022,7,892113,2694.0,79500,2.244
"Los Angeles, CA",2022-08-31,2022,8,889060,2709.0,79500,2.237
"Los Angeles, CA",2022-09-30,2022,9,883440,2714.0,79500,2.222
"Los Angeles, CA",2022-10-31,2022,10,878214,2709.0,79500,2.209
"Los Angeles, CA",2022-11-30,2022,11,874497,2704.0,79500,2.2
"Los Angeles, CA",2022-12-31,2022,12,871396,2696.0,79500,2.192
"Los Angeles, CA",2023-01-31,2023,1,863164,2695.0,82690,2.088
"Los Angeles, CA",2023-02-28,2023,2,852346,2700.0,82690,2.062
"Los Angeles, CA",2023-03-31,2023,3,842657,2715.0,82690,2.038
"Los Angeles, CA",2023-04-30,2023,4,840299,2725.0,82690,2.032
"Los Angeles, CA",2023-05-31,2023,5,844052,2734.0,82690,2.041
"Los Angeles, CA",2023-06-30,2023,6,851787,2742.0,82690,2.06
"Los Angeles, CA",2023-07-31,2023,7,862907,2754.0,82690,2.087
"Los Angeles, CA",2023-08-31,2023,8,876361,2764.0,82690,2.12
"Los Angeles, CA",2023-09-30,2023,9,889945,2768.0,82690,2.152
"Los Angeles, CA",2023-10-31,2023,10,901247,2765.0,82690,2.18
"Los Angeles, CA",2023-11-30,2023,11,909753,2755.0,82690,2.2
"Los Angeles, CA",2023-12-31,2023,12,915094,2749.0,82690,2.213
"Los Angeles, CA",2024-01-31,2024,1,915246,2753.0,83730,2.186
"Los Angeles, CA",2024-02-29,2024,2,912315,2764.0,83730,2.179
"Los Angeles, CA",2024-03-31,2024,3,911206,2777.0,83730,2.177
"Los Angeles, CA",2024-04-30,2024,4,914651,2787.0,83730,2.185
"Los Angeles, CA",2024-05-31,2024,5,920506,2797.0,83730,2.199
"Los Angeles, CA",2024-06-30,2024,6,924435,2809.0,83730,2.208
"Los Angeles, CA",2024-07-31,2024,7,928785,2820.0,83730,2.219
"Los Angeles, CA",2024-08-31,2024,8,933939,2827.0,83730,2.231
"Los Angeles, CA",2024-09-30,2024,9,940324,2831.0,83730,2.246
"Los Angeles, CA",2024-10-31,2024,10,945515,2828.0,83730,2.258
"Los Angeles, CA",2024-11-30,2024,11,949987,2823.0,83730,2.269
"Los Angeles, CA",2024-12-31,2024,12,953985,2818.0,83730,2.279
"Miami, FL",2015-01-31,2015,1,212734,1460.0,72790,0.585
"Miami, FL",2015-02-28,2015,2,214467,1466.0,72790,0.589
"Miami, FL",2015-03-31,2015,3,216048,1471.0,72790,0.594
"Miami, FL",2015-04-30,2015,4,217653,1478.0,72790,0.598
"Miami, FL",2015-05-31,2015,5,219410,1487.0,72790,0.603
"Miami, FL",2015-06-30,2015,6,221147,1495.0,72790,0.608
"Miami, FL",2015-07-31,2015,7,223018,1504.0,72790,0.613
"Miami, FL",2015-08-31,2015,8,224934,1512.0,72790,0.618
"Miami, FL",2015-09-30,2015,9,227019,1523.0,72790,0.624
"Miami, FL",2015-10-31,2015,10,229147,1530.0,72790,0.63
"Miami, FL",2015-11-30,2015,11,231165,1539.0,72790,0.635
"Miami, FL",2015-12-31,2015,12,232892,1542.0,72790,0.64
"Miami, FL",2016-01-31,2016,1,234461,1546.0,75380,0.622
"Miami, FL",2016-02-29,2016,2,235990,1547.0,75380,0.626
"Miami, FL",2016-03-31,2016,3,237675,1549.0,75380,0.631
"Miami, FL",2016-04-30,2016,4,239402,1551.0,75380,0.635
"Miami, FL",2016-05-31,2016,5,241114,1550.0,75380,0.64
"Miami, FL",2016-06-30,2016,6,242896,1551.0,75380,0.644
"Miami, FL",2016-07-31,2016,7,244582,1553.0,75380,0.649
"Miami, FL",2016-08-31,2016,8,246180,1556.0,75380,0.653
"Miami, FL",2016-09-30,2016,9,247769,1561.0,75380,0.657
"Miami, FL",2016-10-31,2016,10,249625,1563.0,75380,0.662
"Miami, FL",2016-11-30,2016,11,251298,1567.0,75380,0.667
"Miami, FL",2016-12-31,2016,12,252570,1566.0,75380,0.67
"Miami, FL",2017-01-31,2017,1,253586,1571.0,76710,0.661
"Miami, FL",2017-02-28,2017,2,255055,1574.0,76710,0.665
"Miami, FL",2017-03-31,2017,3,257056,1582.0,76710,0.67
"Miami, FL",2017-04-30,2017,4,259048,1584.0,76710,0.675
"Miami, FL",2017-05-31,2017,5,260659,1587.0,76710,0.68
"Miami, FL",2017-06-30,2017,6,262174,1590.0,76710,0.684
"Miami, FL",2017-07-31,2017,7,263653,1595.0,76710,0.687
"Miami, FL",2017-08-31,2017,8,265287,1602.0,76710,0.692
"Miami, FL",2017-09-30,2017,9,266836,1609.0,76710,0.696
"Miami, FL",2017-10-31,2017,10,268495,1614.0,76710,0.7
"Miami, FL",2017-11-30,2017,11,270267,1616.0,76710,0.705
"Miami, FL",2017-12-31,2017,12,272336,1617.0,76710,0.71
"Miami, FL",2018-01-31,2018,1,274162,1618.0,77700,0.706
"Miami, FL",2018-02-28,2018,2,275561,1621.0,77700,0.709
"Miami, FL",2018-03-31,2018,3,276746,1625.0,77700,0.712
"Miami, FL",2018-04-30,2018,4,277898,1629.0,77700,0.715
"Miami, FL",2018-05-31,2018,5,279324,1633.0,77700,0.719
"Miami, FL",2018-06-30,2018,6,280605,1638.0,77700,0.722
"Miami, FL",2018-07-31,2018,7,282277,1643.0,77700,0.727
"Miami, FL",2018-08-31,2018,8,283797,1650.0,77700,0.73
"Miami, FL",2018-09-30,2018,9,285248,1655.0,77700,0.734
"Miami, FL",2018-10-31,2018,10,286492,1662.0,77700,0.737
"Miami, FL",2018-11-30,2018,11,287967,1668.0,77700,0.741
"Miami, FL",2018-12-31,2018,12,289644,1673.0,77700,0.746
"Miami, FL",2019-01-31,2019,1,291029,1673.0,83260,0.699
"Miami, FL",2019-02-28,2019,2,292182,1671.0,83260,0.702
"Miami, FL",2019-03-31,2019,3,292840,1671.0,83260,0.703
"Miami, FL",2019-04-30,2019,4,293205,1674.0,83260,0.704
"Miami, FL",2019-05-31,2019,5,293061,1680.0,83260,0.704
"Miami, FL",2019-06-30,2019,6,292989,1684.0,83260,0.704
"Miami, FL",2019-07-31,2019,7,293140,1689.0,83260,0.704
"Miami, FL",2019-08-31,2019,8,293663,1693.0,83260,0.705
"Miami, FL",2019-09-30,2019,9,294361,1699.0,83260,0.707
"Miami, FL",2019-10-31,2019,10,295432,1708.0,83260,0.71
"Miami, FL",2019-11-30,2019,11,297070,1719.0,83260,0.714
"Miami, FL",2019-12-31,2019,12,299099,1725.0,83260,0.718
"Miami, FL",2020-01-31,2020,1,301534,1727.0,81580,0.739
"Miami, FL",2020-02-29,2020,2,303735,1729.0,81580,0.745
"Miami, FL",2020-03-31,2020,3,305634,1730.0,81580,0.749
"Miami, FL",2020-04-30,2020,4,306593,1724.0,81580,0.752
"Miami, FL",2020-05-31,2020,5,306510,1716.0,81580,0.751
"Miami, FL",2020-06-30,2020,6,306053,1714.0,81580,0.75
"Miami, FL",2020-07-31,2020,7,306118,1720.0,81580,0.75
"Miami, FL",2020-08-31,2020,8,307489,1725.0,81580,0.754
"Miami, FL",2020-09-30,2020,9,310048,1731.0,81580,0.76
"Miami, FL",2020-10-31,2020,10,313234,1743.0,81580,0.768
"Miami, FL",2020-11-30,2020,11,317143,1761.0,81580,0.778
"Miami, FL",2020-12-31,2020,12,321152,1777.0,81580,0.787
"Miami, FL",2021-01-31,2021,1,325233,1792.0,81270,0.8
"Miami, FL",2021-02-28,2021,2,329118,1814.0,81270,0.81
"Miami, FL",2021-03-31,2021,3,333124,1843.0,81270,0.82
"Miami, FL",2021-04-30,2021,4,337399,1876.0,81270,0.83
"Miami, FL",2021-05-31,2021,5,342514,1915.0,81270,0.843
"Miami, FL",2021-06-30,2021,6,348549,,81270,0.858
"Miami, FL",2021-07-31,2021,7,354726,,81270,0.873
"Miami, FL",2021-08-31,2021,8,360119,2092.0,81270,0.886
"Miami, FL",2021-09-30,2021,9,364522,2150.0,81270,0.897
"Miami, FL",2021-10-31,2021,10,368754,2191.0,81270,0.907
"Miami, FL",2021-11-30,2021,11,373723,2235.0,81270,0.92
"Miami, FL",2021-12-31,2021,12,379415,2281.0,81270,0.934
"Miami, FL",2022-01-31,2022,1,387045,2322.0,79500,0.974
"Miami, FL",2022-02-28,2022,2,396003,2354.0,79500,0.996
"Miami, FL",2022-03-31,2022,3,406623,2390.0,79500,1.023
"Miami, FL",2022-04-30,2022,4,417604,2430.0,79500,1.051
"Miami, FL",2022-05-31,2022,5,428031,2469.0,79500,1.077
"Miami, FL",2022-06-30,2022,6,437407,2496.0,79500,1.1
"Miami, FL",2022-07-31,2022,7,444295,2515.0,79500,1.118
"Miami, FL",2022-08-31,2022,8,448524,2523.0,79500,1.128
"Miami, FL",2022-09-30,2022,9,450137,2531.0,79500,1.132
"Miami, FL",2022-10-31,2022,10,451027,2533.0,79500,1.135
"Miami, FL",2022-11-30,2022,11,451922,2539.0,79500,1.137
"Miami, FL",2022-12-31,2022,12,453091,2542.0,79500,1.14
"Miami, FL",2023-01-31,2023,1,453644,2544.0,82690,1.097
"Miami, FL",2023-02-28,2023,2,453896,2546.0,82690,1.098
"Miami, FL",2023-03-31,2023,3,454489,2552.0,82690,1.099
"Miami, FL",2023-04-30,2023,4,456060,2558.0,82690,1.103
"Miami, FL",2023-05-31,2023,5,458631,2564.0,82690,1.109
"Miami, FL",2023-06-30,2023,6,462220,2567.0,82690,1.118
"Miami, FL",2023-07-31,2023,7,465931,2571.0,82690,1.127
"Miami, FL",2023-08-31,2023,8,469645,2575.0,82690,1.136
"Miami, FL",2023-09-30,2023,9,472600,2579.0,82690,1.143
"Miami, FL",2023-10-31,2023,10,475480,2586.0,82690,1.15
"Miami, FL",2023-11-30,2023,11,478398,2588.0,82690,1.157
"Miami, FL",2023-12-31,2023,12,481100,2583.0,82690,1.164
"Miami, FL",2024-01-31,2024,1,483502,2582.0,83730,1.155
"Miami, FL",2024-02-29,2024,2,485451,2587.0,83730,1.16
"Miami, FL",2024-03-31,2024,3,487614,2599.0,83730,1.165
"Miami, FL",2024-04-30,2024,4,489609,2607.0,83730,1.169
"Miami, FL",2024-05-31,2024,5,491310,2611.0,83730,1.174
"Miami, FL",2024-06-30,2024,6,491879,2614.0,83730,1.175
"Miami, FL",2024-07-31,2024,7,492071,2619.0,83730,1.175
"Miami, FL",2024-08-31,2024,8,492091,2624.0,83730,1.175
"Miami, FL",2024-09-30,2024,9,492148,2629.0,83730,1.176
"Miami, FL",2024-10-31,2024,10,491702,2630.0,83730,1.174
"Miami, FL",2024-11-30,2024,11,490733,2630.0,83730,1.172
"Miami, FL",2024-12-31,2024,12,489887,2628.0,83730,1.17
"New York, NY",2015-01-31,2015,1,407752,2148.0,72790,1.12
"New York, NY",2015-02-28,2015,2,407950,2162.0,72790,1.121
"New York, NY",2015-03-31,2015,3,408418,2180.0,72790,1.122
"New York, NY",2015-04-30,2015,4,409025,2199.0,72790,1.124
"New York, NY",2015-05-31,2015,5,410237,2213.0,72790,1.127
"New York, NY",2015-06-30,2015,6,411414,2228.0,72790,1.13
"New York, NY",2015-07-31,2015,7,412786,2238.0,72790,1.134
"New York, NY",2015-08-31,2015,8,414537,2247.0,72790,1.139
"New York, NY",2015-09-30,2015,9,417074,2251.0,72790,1.146
"New York, NY",2015-10-31,2015,10,420023,2250.0,72790,1.154
"New York, NY",2015-11-30,2015,11,422653,2241.0,72790,1.161
"New York, NY",2015-12-31,2015,12,424931,2232.0,72790,1.168
"New York, NY",2016-01-31,2016,1,426670,2229.0,75380,1.132
"New York, NY",2016-02-29,2016,2,428003,2233.0,75380,1.136
"New York, NY",2016-03-31,2016,3,428725,2242.0,75380,1.138
"New York, NY",2016-04-30,2016,4,429699,2254.0,75380,1.14
"New York, NY",2016-05-31,2016,5,430957,2268.0,75380,1.143
"New York, NY",2016-06-30,2016,6,432565,2282.0,75380,1.148
"New York, NY",2016-07-31,2016,7,433795,2295.0,75380,1.151
"New York, NY",2016-08-31,2016,8,434415,2298.0,75380,1.153
"New York, NY",2016-09-30,2016,9,434772,2299.0,75380,1.154
"New York, NY",2016-10-31,2016,10,435532,2292.0,75380,1.156
"New York, NY",2016-11-30,2016,11,437062,2287.0,75380,1.16
"New York, NY",2016-12-31,2016,12,439546,2276.0,75380,1.166
"New York, NY",2017-01-31,2017,1,441990,2273.0,76710,1.152
"New York, NY",2017-02-28,2017,2,444535,2274.0,76710,1.159
"New York, NY",2017-03-31,2017,3,446874,2286.0,76710,1.165
"New York, NY",2017-04-30,2017,4,449823,2300.0,76710,1.173
"New York, NY",2017-05-31,2017,5,452411,2317.0,76710,1.18
"New York, NY",2017-06-30,2017,6,454631,2331.0,76710,1.185
"New York, NY",2017-07-31,2017,7,456190,2340.0,76710,1.189
"New York, NY",2017-08-31,2017,8,457778,2343.0,76710,1.194
"New York, NY",2017-09-30,2017,9,459367,2341.0,76710,1.198
"New York, NY",2017-10-31,2017,10,461159,2328.0,76710,1.202
"New York, NY",2017-11-30,2017,11,462706,2314.0,76710,1.206
"New York, NY",2017-12-31,2017,12,464442,2301.0,76710,1.211
"New York, NY",2018-01-31,2018,1,466164,2300.0,77700,1.2
"New York, NY",2018-02-28,2018,2,467707,2306.0,77700,1.204
"New York, NY",2018-03-31,2018,3,469494,2319.0,77700,1.208
"New York, NY",2018-04-30,2018,4,471364,2338.0,77700,1.213
"New York, NY",2018-05-31,2018,5,473934,2356.0,77700,1.22
"New York, NY",2018-06-30,2018,6,476126,2372.0,77700,1.226
"New York, NY",2018-07-31,2018,7,478521,2384.0,77700,1.232
"New York, NY",2018-08-31,2018,8,480522,2392.0,77700,1.237
"New York, NY",2018-09-30,2018,9,482351,2392.0,77700,1.242
"New York, NY",2018-10-31,2018,10,483367,2384.0,77700,1.244
"New York, NY",2018-11-30,2018,11,484243,2374.0,77700,1.246
"New York, NY",2018-12-31,2018,12,484854,2364.0,77700,1.248
"New York, NY",2019-01-31,2019,1,485887,2364.0,83260,1.167
"New York, NY",2019-02-28,2019,2,487446,2373.0,83260,1.171
"New York, NY",2019-03-31,2019,3,489435,2388.0,83260,1.176
"New York, NY",2019-04-30,2019,4,491602,2405.0,83260,1.181
"New York, NY",2019-05-31,2019,5,493040,2424.0,83260,1.184
"New York, NY",2019-06-30,2019,6,494307,2445.0,83260,1.187
"New York, NY",2019-07-31,2019,7,494999,2460.0,83260,1.189
"New York, NY",2019-08-31,2019,8,495486,2467.0,83260,1.19
"New York, NY",2019-09-30,2019,9,495219,2465.0,83260,1.19
"New York, NY",2019-10-31,2019,10,495254,2461.0,83260,1.19
"New York, NY",2019-11-30,2019,11,496222,2448.0,83260,1.192
"New York, NY",2019-12-31,2019,12,497875,2442.0,83260,1.196
"New York, NY",2020-01-31,2020,1,500307,2441.0,81580,1.227
"New York, NY",2020-02-29,2020,2,502542,2454.0,81580,1.232
"New York, NY",2020-03-31,2020,3,505114,2462.0,81580,1.238
"New York, NY",2020-04-30,2020,4,507452,2457.0,81580,1.244
"New York, NY",2020-05-31,2020,5,509305,2442.0,81580,1.249
"New York, NY",2020-06-30,2020,6,509645,2421.0,81580,1.249
"New York, NY",2020-07-31,2020,7,508732,2398.0,81580,1.247
"New York, NY",2020-08-31,2020,8,508049,,81580,1.246
"New York, NY",2020-09-30,2020,9,509718,,81580,1.25
"New York, NY",2020-10-31,2020,10,513417,2265.0,81580,1.259
"New York, NY",2020-11-30,2020,11,518771,2235.0,81580,1.272
"New York, NY",2020-12-31,2020,12,525058,2222.0,81580,1.287
"New York, NY",2021-01-31,2021,1,531041,2222.0,81270,1.307
"New York, NY",2021-02-28,2021,2,537296,2235.0,81270,1.322
"New York, NY",2021-03-31,2021,3,543102,2256.0,81270,1.337
"New York, NY",2021-04-30,2021,4,548921,2282.0,81270,1.351
"New York, NY",2021-05-31,2021,5,554533,2324.0,81270,1.365
"New York, NY",2021-06-30,2021,6,559565,2375.0,81270,1.377
"New York, NY",2021-07-31,2021,7,563761,2435.0,81270,1.387
"New York, NY",2021-08-31,2021,8,566286,2492.0,81270,1.394
"New York, NY",2021-09-30,2021,9,567827,2538.0,81270,1.397
"New York, NY",2021-10-31,2021,10,570002,2570.0,81270,1.403
"New York, NY",2021-11-30,2021,11,573492,2591.0,81270,1.411
"New York, NY",2021-12-31,2021,12,577426,2611.0,81270,1.421
"New York, NY",2022-01-31,2022,1,581609,2634.0,79500,1.463
"New York, NY",2022-02-28,2022,2,586214,2665.0,79500,1.475
"New York, NY",2022-03-31,2022,3,592491,2701.0,79500,1.491
"New York, NY",2022-04-30,2022,4,599096,2740.0,79500,1.507
"New York, NY",2022-05-31,2022,5,605761,2788.0,79500,1.524
"New York, NY",2022-06-30,2022,6,611858,2839.0,79500,1.539
"New York, NY",2022-07-31,2022,7,615739,2884.0,79500,1.549
"New York, NY",2022-08-31,2022,8,616460,2910.0,79500,1.551
"New York, NY",2022-09-30,2022,9,613955,2914.0,79500,1.545
"New York, NY",2022-10-31,2022,10,611393,2901.0,79500,1.538
"New York, NY",2022-11-30,2022,11,609370,2876.0,79500,1.533
"New York, NY",2022-12-31,2022,12,607941,2858.0,79500,1.529
"New York, NY",2023-01-31,2023,1,607122,2857.0,82690,1.468
"New York, NY",2023-02-28,2023,2,605764,2869.0,82690,1.465
"New York, NY",2023-03-31,2023,3,606080,2895.0,82690,1.466
"New York, NY",2023-04-30,2023,4,608088,2925.0,82690,1.471
"New York, NY",2023-05-31,2023,5,612120,2959.0,82690,1.481
"New York, NY",2023-06-30,2023,6,616291,2987.0,82690,1.491
"New York, NY",2023-07-31,2023,7,619895,3008.0,82690,1.499
"New York, NY",2023-08-31,2023,8,623195,3017.0,82690,1.507
"New York, NY",2023-09-30,2023,9,625923,3016.0,82690,1.514
"New York, NY",2023-10-31,2023,10,628270,3003.0,82690,1.52
"New York, NY",2023-11-30,2023,11,630584,2984.0,82690,1.525
"New York, NY",2023-12-31,2023,12,633348,2972.0,82690,1.532
"New York, NY",2024-01-31,2024,1,636234,2977.0,83730,1.52
"New York, NY",2024-02-29,2024,2,640273,2995.0,83730,1.529
"New York, NY",2024-03-31,2024,3,645672,3023.0,83730,1.542
"New York, NY",2024-04-30,2024,4,651774,3050.0,83730,1.557
"New York, NY",2024-05-31,2024,5,656428,3079.0,83730,1.568
"New York, NY",2024-06-30,2024,6,659506,3105.0,83730,1.575
"New York, NY",2024-07-31,2024,7,662250,3121.0,83730,1.582
"New York, NY",2024-08-31,2024,8,665988,3126.0,83730,1.591
"New York, NY",2024-09-30,2024,9,670011,3117.0,83730,1.6
"New York, NY",2024-10-31,2024,10,673531,3104.0,83730,1.609
"New York, NY",2024-11-30,2024,11,676299,3095.0,83730,1.615
"New York, NY",2024-12-31,2024,12,678081,3090.0,83730,1.62
